{
  "appPageId" : "15c18bce-cd20-41ce-bea0-694f6d19ded6",
  "componentName" : "siteforce:sldsTwoCol48Layout",
  "id" : "1f210d73-87a6-4e7d-abc3-0ee5df6363a1",
  "label" : "Article Detail",
  "regions" : [ {
    "id" : "8a4b2354-5426-4463-a87c-0f6115d77ec3",
    "regionName" : "header",
    "type" : "region"
  }, {
    "components" : [ {
      "componentAttributes" : {
        "bannerText" : "",
        "bannerTextWithKnowledge" : "",
        "bannerTextWithoutKnowledge" : "",
        "pageType" : "article",
        "showSubTopics" : false,
        "title" : "Article",
        "uniqueNameOrId" : "{!urlName}"
      },
      "componentName" : "forceCommunity:headline",
      "id" : "8b757853-2680-47ab-bf88-2ad535f2210a",
      "renderPriority" : "NEUTRAL",
      "renditionMap" : { },
      "type" : "component"
    }, {
      "componentAttributes" : {
        "enableVoting" : true,
        "recordId" : "{!recordId}",
        "showTitleInArticleHeader" : false,
        "showTopicPills" : true,
        "urlName" : "{!urlName}"
      },
      "componentName" : "selfService:singleArticleView",
      "id" : "8d58f2b0-743a-4dba-8827-16b3d6a034d0",
      "renderPriority" : "NEUTRAL",
      "renditionMap" : { },
      "type" : "component"
    } ],
    "id" : "4c8bef34-634d-443e-a59e-aa6b16ca8521",
    "regionName" : "content",
    "type" : "region"
  }, {
    "components" : [ {
      "componentAttributes" : {
        "richTextValue" : "<div style=\"padding-top: 5px\"/>"
      },
      "componentName" : "forceCommunity:htmlBlock",
      "id" : "a2e64bfd-7522-4c91-98ce-9352a804beab",
      "renderPriority" : "NEUTRAL",
      "renditionMap" : { },
      "type" : "component"
    }, {
      "componentAttributes" : {
        "backgroundColor" : "#FFFFFF",
        "borderColor" : "rgba(255, 255, 255, 0)",
        "borderRadius" : 5,
        "borderStyle" : "outline",
        "buttonColor" : "",
        "buttonHoverColor" : "rgb(99, 102, 106)",
        "crossObjectTypeaheadApiNames" : [ {
          "isPublic" : true,
          "name" : "Knowledge__kav"
        } ],
        "iconColor" : "#FFFFFF",
        "placeholderText" : "Search keywords",
        "placeholderTextColor" : "rgb(99, 102, 106)",
        "publicDropdownBackgroundColor" : "#FFFFFF",
        "publicDropdownBackgroundHoverColor" : "",
        "publicDropdownBorderColor" : "rgb(242, 242, 242)",
        "publicDropdownTextColor" : "",
        "publicDropdownTextHoverColor" : "rgb(0, 155, 255)",
        "showSearchButton" : true,
        "textColor" : "rgb(99, 102, 106)",
        "typeaheadResultMax" : 5,
        "useTypeahead" : true
      },
      "componentName" : "forceCommunity:themeSearchHero",
      "id" : "d825fcd7-9e10-4850-a954-34d443739427",
      "renderPriority" : "NEUTRAL",
      "renditionMap" : { },
      "type" : "component"
    }, {
      "componentAttributes" : {
        "richTextValue" : "<div align=\"left\">\n\t<table>\n\t\t<tr>\n\t\t\t<td class=\"ebs-toolbox-headers\"><h1 style=\"color: #FFFFFF; font-size: 14pt;\"><img alt=\"EBS Toolbox\" style=\"height: 45px; width: 45px; padding: 10px 10px;\" src=\"{!contentAsset.EBSIcon.1}\"/>EBS Toolbox</h1></td>\n        </tr>\n        <tr>\n            <td class=\"toolbox-button-tile\"><a style=\"text-decoration: none; color: #63666A; --hover-color: #0047BB;\" href=\"https://more4apps.com/support/ebs-toolbox-support/ebs-toolbox-user-documentation/\" target=\"_blank\"><p style=\"font-size: 12pt; font-weight: bold;\">User Documentation</p></a></td>\n        </tr>\n        <tr>\n            <td class=\"toolbox-button-tile\"><a style=\"text-decoration: none; color: #63666A; --hover-color: #0047BB;\" href=\"https://more4apps.com/support/latest-release-details-ebs-toolbox/\" target=\"_blank\"><p style=\"font-size: 12pt; font-weight: bold;\">Latest Release Details</p></a></td>\n        </tr>\n        <tr>\n            <td class=\"toolbox-button-tile\"><a style=\"text-decoration: none; color: #63666A; --hover-color: #0047BB;\" href=\"https://more4apps.com/support/ebs-installation-guide/\" target=\"_blank\"><p style=\"font-size: 12pt; font-weight: bold;\">Installation Guide</p></a></td>\n        </tr>\n        <tr>\n            <td class=\"toolbox-button-tile\"><a style=\"text-decoration: none; color: #63666A; --hover-color: #0047BB;\" href=\"/community/s/ebs-contact-support/\" target=\"_self\"><p style=\"font-size: 12pt; font-weight: bold;\">Support Request</p></a></td>\n        </tr>\n    </table>\n</div>"
      },
      "componentName" : "forceCommunity:htmlBlock",
      "id" : "5ff03be9-c3a3-4508-a7dd-1a7f76937f11",
      "renderPriority" : "NEUTRAL",
      "renditionMap" : { },
      "type" : "component"
    }, {
      "componentAttributes" : {
        "richTextValue" : "<div align=\"left\">\n\t<table>\n\t\t<tr>\n\t\t\t<td class=\"erp-cloud-toolbox-headers\"><h1 style=\"color: #FFFFFF; font-size: 14pt;\"><img alt=\"ERP Cloud Toolbox\" style=\"height: 45px; width: 45px; padding: 10px 10px;\" src=\"{!contentAsset.ERPCloudIcon.1}\"/>ERP Cloud Toolbox</h1></td>\n\t\t</tr>\n        <tr>\n            <td class=\"toolbox-button-tile\"><a style=\"text-decoration: none; color: #63666A;\" href=\"https://more4apps.com/support/erp-cloud-toolbox-support/erp-cloud-toolbox-user-documentation/\" target=\"_blank\"><p style=\"font-size: 12pt; font-weight: bold;\">User Documentation</p></a></td>\n        </tr>\n        <tr>\n            <td class=\"toolbox-button-tile\"><a style=\"text-decoration: none; color: #63666A;\" href=\"https://more4apps.com/support/latest-release-details-erp-cloud-toolbox/\" target=\"_blank\"><p style=\"font-size: 12pt; font-weight: bold;\">Latest Release Details</p></a></td>\n        </tr>\n        <tr>\n            <td class=\"toolbox-button-tile\"><a style=\"text-decoration: none; color: #63666A;\" href=\"https://more4apps.com/support/erp-cloud-installation-guide/\" target=\"_blank\"><p style=\"font-size: 12pt; font-weight: bold;\">Installation Guide</p></a></td>\n        </tr>\n        <tr>\n            <td class=\"toolbox-button-tile\"><a style=\"text-decoration: none; color: #63666A;\" href=\"/community/s/erp-cloud-contact-support/\" target=\"_self\"><p style=\"font-size: 12pt; font-weight: bold;\">Support Request</p></a></td>\n        </tr>\n    </table>\n</div>"
      },
      "componentName" : "forceCommunity:htmlBlock",
      "id" : "9d73c104-8e39-430b-806e-4085bacad7a9",
      "renderPriority" : "NEUTRAL",
      "renditionMap" : { },
      "type" : "component"
    }, {
      "componentAttributes" : {
        "richTextValue" : "<div style=\"width: 50%\">\n    <table>\n\t\t<tr align=\"center\">\n\t\t\t<td class=\"button-all-topics\"><a style=\"text-decoration: none; color: #FFFFFF; font-size: 14px;\" href=\"/community/s/topiccatalog/\" target=\"_self\">All Topics</a></td> \n        <tr>\n    </table>\n</div>"
      },
      "componentName" : "forceCommunity:htmlBlock",
      "id" : "cf3bc8eb-9618-4a53-a0fd-fd32b0edc653",
      "renderPriority" : "NEUTRAL",
      "renditionMap" : { },
      "type" : "component"
    }, {
      "componentAttributes" : {
        "richTextValue" : "<div style=\"padding-top: 5px\"/>"
      },
      "componentName" : "forceCommunity:htmlBlock",
      "id" : "25e35b17-f935-49e2-8fd2-14db990d174c",
      "renderPriority" : "NEUTRAL",
      "renditionMap" : { },
      "type" : "component"
    } ],
    "id" : "9f6fb5e8-8af5-40e1-8d41-766d04f65293",
    "regionName" : "sidebar",
    "type" : "region"
  }, {
    "id" : "c20c0aa5-61f8-4e0f-813c-fc4f13dfe2d5",
    "regionName" : "footer",
    "type" : "region"
  }, {
    "components" : [ {
      "componentAttributes" : {
        "customHeadTags" : "",
        "description" : "{!Record.Summary}",
        "title" : "{!Record._Title}"
      },
      "componentName" : "forceCommunity:seoAssistant",
      "id" : "20900dcf-59e5-440b-a74f-384742314507",
      "renditionMap" : { },
      "type" : "component"
    } ],
    "id" : "4baf134b-a126-41cd-b6be-3b2a0ed68bc6",
    "regionName" : "sfdcHiddenRegion",
    "type" : "region"
  } ],
  "themeLayoutType" : "B67PYy8ZYWmpYd0utyvxl34e1mslAW",
  "type" : "view",
  "viewType" : "article"
}