{
  "appPageId" : "f8a071b4-5e8f-44bb-8412-938b1a431767",
  "componentName" : "siteforce:sldsOneColLayout",
  "id" : "b1743e47-27a3-4747-8ff3-4895f23ca7c1",
  "label" : "Check Password",
  "regions" : [ {
    "components" : [ {
      "componentAttributes" : {
        "richTextValue" : "<div style=\"padding-top: 50px;\" />"
      },
      "componentName" : "forceCommunity:htmlBlock",
      "id" : "b0267436-9d8f-4e28-be28-b9fb363cbc6c",
      "renderPriority" : "NEUTRAL",
      "renditionMap" : { },
      "type" : "component"
    }, {
      "componentAttributes" : {
        "richTextValue" : "<p style=\"text-align: center;\"><img class=\"sfdcCbImage\" alt=\"\" src=\"{!contentAsset.more4appscommunityrgb.1}\" style=\"width: 320.109px; height: 124.594px;\"></p>\n<p style=\"text-align: center;\">&nbsp;</p>"
      },
      "componentName" : "forceCommunity:richTextInline",
      "id" : "cb706da8-d70b-42f1-b6cf-bfed911560b5",
      "renderPriority" : "NEUTRAL",
      "renditionMap" : { },
      "type" : "component"
    }, {
      "componentAttributes" : {
        "richTextValue" : "<p style=\"text-align: center;\"><br></p><p style=\"text-align: center;\"><br></p><h3 style=\"text-align: center;\">An email has been sent to you to confirm your new Password.</h3><p style=\"text-align: center;\"><br></p><p style=\"text-align: center;\"><br></p><h3 style=\"text-align: center;\"><span style=\"font-size: 18px;\">If you did not receive an email from us, please </span><a href=\"/community/s/contact-support/\" rel=\"noopener noreferrer\" target=\"_self\" style=\"font-size: 18px; background-color: rgb(255, 255, 255);\">Contact Support</a><span style=\"font-size: 18px;\"> to check your current email address.</span></h3><p style=\"text-align: center;\"><br></p><p style=\"text-align: center;\"><br></p><h3 style=\"text-align: center;\"><span style=\"font-size: 18px;\">If you do not have a login, please </span><a href=\"https://more4apps.com/community-login-request/\" rel=\"noopener noreferrer\" target=\"_blank\" style=\"font-size: 18px;\">Request a Login</a><span style=\"font-size: 18px;\"> here.</span></h3><p style=\"text-align: center;\"><br></p><p style=\"text-align: center;\"><br></p>"
      },
      "componentName" : "forceCommunity:richTextInline",
      "id" : "dd5c5749-8d1c-47fd-9d56-fb4f92db680d",
      "renderPriority" : "NEUTRAL",
      "renditionMap" : { },
      "type" : "component"
    }, {
      "componentAttributes" : {
        "richTextValue" : "<div style=\"padding-top: 50px;\" />"
      },
      "componentName" : "forceCommunity:htmlBlock",
      "id" : "e6c668f9-be87-4647-9fd6-846c4d5b2977",
      "renderPriority" : "NEUTRAL",
      "renditionMap" : { },
      "type" : "component"
    } ],
    "id" : "e0ea9c54-af5d-4de3-a7c6-40fefb6d53a9",
    "regionName" : "content",
    "type" : "region"
  }, {
    "components" : [ {
      "componentAttributes" : {
        "customHeadTags" : "",
        "description" : "",
        "title" : "Check Password"
      },
      "componentName" : "forceCommunity:seoAssistant",
      "id" : "b3966f85-6fdc-489a-872b-9cacbf8fbd8a",
      "renditionMap" : { },
      "type" : "component"
    } ],
    "id" : "062f7d84-9b5d-47e4-bf3b-e93b80c02df6",
    "regionName" : "sfdcHiddenRegion",
    "type" : "region"
  } ],
  "themeLayoutType" : "OTyUQioaTVvKCi4dYi3sZYJ4aq64VX",
  "type" : "view",
  "viewType" : "check-password"
}