{
  "appPageId" : "15c18bce-cd20-41ce-bea0-694f6d19ded6",
  "componentName" : "siteforce:sldsOneColLayout",
  "id" : "2111d9c4-df9d-44ef-95ce-44a2c9f9c51f",
  "label" : "Contact Support",
  "regions" : [ {
    "components" : [ {
      "componentAttributes" : {
        "richTextValue" : "<div style=\"padding-bottom: 20px\"/>"
      },
      "componentName" : "forceCommunity:htmlBlock",
      "id" : "c035458b-e4d1-43a0-ae3a-20172b12f1e2",
      "renderPriority" : "NEUTRAL",
      "renditionMap" : { },
      "type" : "component"
    } ],
    "id" : "b77eac2d-254b-400b-be0b-f82605f0fbd1",
    "regionName" : "header",
    "type" : "region"
  }, {
    "components" : [ {
      "componentAttributes" : {
        "richTextValue" : "<div class=\"row\">\n    <div class=\"column\">\n\t\t\t\t<div class=\"gradient-ebs\">\n                \t<table>\n                        <tr style=\"height: 100px;\">\n                            <td colspan=\"5\" class=\"toolbox-headers\"><h1>EBS Toolbox</h1></td>\n                        </tr>\n                        <tr style=\"height: 150px;\">\n                            <td style=\"width: 10%;\"/>\n                            <td class=\"button-homepage-ebs\"><a style=\"text-decoration: none; color: #ffffff;\" href=\"/community/s/ebs-contact-support/\" target=\"_self\"><img alt=\"EBS Contact Support\" class=\"toolbox-icons\" src=\"{!contentAsset.m4acommunitysupport.1}\" /><h3 style=\"padding-top: 10px;\">Product Support Request</h3></a></td>\n            \t\t\t\t<td style=\"width: 10%\"></td>\n                            <td class=\"button-homepage-ebs\"><a style=\"text-decoration: none; color: #ffffff;\" href=\"https://more4apps.com/support/ebs-toolbox-support/ebs-toolbox-user-documentation/\" target=\"_blank\"><img alt=\"EBS User Documentation\" class=\"toolbox-icons\" src=\"{!contentAsset.m4acommunitydocumentation.1}\" /><h3 style=\"padding-top: 10px;\">User Documentation</h3></a></td>\n                            <td style=\"width: 10%\"/>\n            \t\t\t</tr>\n                        <tr style=\"height: 20px\"/>\n                   \t\t<tr style=\"height: 150px\">\n                            <td style=\"width: 10%;\"/>\n                            <td class=\"button-homepage-ebs\"><a style=\"text-decoration: none; color: #ffffff;\" href=\"https://more4apps.com/support/latest-release-details-ebs-toolbox/\" target=\"_blank\"><img alt=\"EBS Latest Release Details\" class=\"toolbox-icons\" src=\"{!contentAsset.m4acommunitylatestrelease.1}\" /><h3 style=\"padding-top: 10px;\">Latest Release Details</h3></a></td>\n            \t\t\t\t<td style=\"width: 10%\" />\n                            <td class=\"button-homepage-ebs\"><a style=\"text-decoration: none; color: #ffffff;\" href=\"https://more4apps.com/support/ebs-installation-guide/\" target=\"_blank\"><img alt=\"EBS Installation Guide\" class=\"toolbox-icons\" src=\"{!contentAsset.m4acommunityinstallation.1}\" /><h3 style=\"padding-top: 10px;\">Installation Guide</h3></a></td>\n                            <td style=\"width: 10%\"/>\n            \t\t\t</tr>\n                    </table>\n        \t\t</div>\n    </div>\n    <div class=\"column\">\n        \t\t<div class=\"gradient-erp-cloud\">\n                    <table>\n                        <tr style=\"height: 100px;\">\n                            <td colspan=\"5\" class=\"toolbox-headers\"><h1>ERP Cloud Toolbox</h1></td>\n                        </tr>\n                        <tr style=\"height: 150px;\">\n                            <td style=\"width: 10%;\"/>\n                            <td class=\"button-homepage-erp-cloud\"><a style=\"text-decoration: none; color: #ffffff;\" href=\"/community/s/erp-cloud-contact-support/\" target=\"_self\"><img alt=\"ERP Cloud Contact Support\" class=\"toolbox-icons\" src=\"{!contentAsset.m4acommunitysupport.1}\" /><h3 style=\"padding-top: 10px;\">Product Support Request</h3></a>\n            \t\t\t\t<td style=\"width: 10%\" />\n                            <td class=\"button-homepage-erp-cloud\"><a style=\"text-decoration: none; color: #ffffff;\" href=\"https://more4apps.com/support/erp-cloud-toolbox-support/erp-cloud-toolbox-user-documentation/\" target=\"_blank\"><img alt=\"ERP Cloud User Documentation\" class=\"toolbox-icons\" src=\"{!contentAsset.m4acommunitydocumentation.1}\" /><h3 style=\"padding-top: 10px;\">User Documentation</h3></a></td>\n                            <td style=\"width: 10%\"/>\n            \t\t\t</tr>\n                        <tr style=\"height: 20px;\"/>\n                   \t\t<tr style=\"height: 150px;\">\n                            <td style=\"width: 10%;\"/>\n                            <td class=\"button-homepage-erp-cloud\"><a style=\"text-decoration: none; color: #ffffff;\" href=\"https://more4apps.com/support/latest-release-details-erp-cloud-toolbox/\" target=\"_blank\"><img alt=\"ERP Cloud Latest Release Details\" class=\"toolbox-icons\" src=\"{!contentAsset.m4acommunitylatestrelease.1}\" /><h3 style=\"padding-top: 10px;\">Latest Release Details</h3></a></td>\n            \t\t\t\t<td style=\"width: 10%\" />\n                            <td class=\"button-homepage-erp-cloud\"><a style=\"text-decoration: none; color: #ffffff;\" href=\"https://more4apps.com/support/erp-cloud-installation-guide/\" target=\"_blank\"><img alt=\"ERP Cloud Installation Guide\" class=\"toolbox-icons\" src=\"{!contentAsset.m4acommunityinstallation.1}\" /><h3 style=\"padding-top: 10px;\">Installation Guide</h3></a></td>\n                            <td style=\"width: 10%\"/>\n            \t\t\t</tr>\n                    </table>\n\t\t\t\t</div>\n    </div>  \n</div>"
      },
      "componentName" : "forceCommunity:htmlBlock",
      "id" : "e2379ce0-8a7b-45b6-b205-e2766138d9c5",
      "renderPriority" : "NEUTRAL",
      "renditionMap" : { },
      "type" : "component"
    } ],
    "id" : "ad7d4b51-d5d3-44f0-96d8-2601f248d9e1",
    "regionName" : "content",
    "type" : "region"
  }, {
    "components" : [ {
      "componentAttributes" : {
        "richTextValue" : "<div>\n    <table style=\"3px solid #dddddd;\">\n        <tr>\n\t\t\t<td colspan=\"2\" style=\"border: 3px solid #dddddd; background-color: #9900A5; text-align: center;\"><img alt=\"ERP Cloud Toolbox\" style=\"width: 297px; height: 92px;\" src=\"{!contentAsset.ERP_Cloud_Toolbox_Logo.1}\" /></td>\n        </tr>\n        <tr>\n            <td class=\"button-homepage\"><a style=\"text-decoration: none; color: #63666A;\" href=\"/community/s/erp-cloud-contact-support/\" target=\"_self\"><img alt=\"ERP Cloud Contact Support\" style=\"width: 50px; height: 50px;\" src=\"{!contentAsset.Request_Product_Support.1}\" /><h2 style=\"padding-top: 10px;\">Product Support Request</h2></a></td>\n            <td class=\"button-homepage\"><a style=\"text-decoration: none; color: #63666A;\" href=\"https://more4apps.com/support/erp-cloud-toolbox-support/erp-cloud-toolbox-user-documentation/\" target=\"_blank\"><img alt=\"ERP Cloud User Documentation\" style=\"width: 50px; height: 50px;\" src=\"{!contentAsset.User_documentation.1}\" /><h2 style=\"padding-top: 10px;\">User Documentation</h2></a></td>\n        </tr>\n        <tr>\n            <td class=\"button-homepage\"><a style=\"text-decoration: none; color: #63666A;\" href=\"https://more4apps.com/support/latest-release-details-erp-cloud-toolbox/\" target=\"_blank\"><img alt=\"ERP Cloud Latest Release Details\" style=\"width: 50px; height: 50px;\" src=\"{!contentAsset.Latest_release_details.1}\" /><h2 style=\"padding-top: 10px;\">Latest Release Details</h2></a></td>\n        \t<td class=\"button-homepage\"><a style=\"text-decoration: none; color: #63666A;\" href=\"https://more4apps.com/support/erp-cloud-installation-guide/\" target=\"_blank\"><img alt=\"ERP Cloud Installation Guide\" style=\"width: 50px; height: 50px;\" src=\"{!contentAsset.Installation_Guide.1}\" /><h2 style=\"padding-top: 10px;\">Installation Guide</h2></a></td>\n        </tr>\n    </table>\n</div>"
      },
      "componentName" : "forceCommunity:htmlBlock",
      "id" : "70544795-be04-4d5e-abd3-f77d3292606d",
      "renderPriority" : "NEUTRAL",
      "renditionMap" : { },
      "type" : "component"
    } ],
    "id" : "9c460fe0-20f4-4f9f-888b-a573d0c293fc",
    "regionName" : "sidebar",
    "type" : "region"
  }, {
    "components" : [ {
      "componentAttributes" : {
        "richTextValue" : "<div style=\"padding-bottom: 20px\"/>"
      },
      "componentName" : "forceCommunity:htmlBlock",
      "id" : "c1b52d4f-3212-411f-bb1b-29772ddc0deb",
      "renderPriority" : "NEUTRAL",
      "renditionMap" : { },
      "type" : "component"
    } ],
    "id" : "2200d6f5-4e64-4668-b654-eaf078d781e5",
    "regionName" : "footer",
    "type" : "region"
  }, {
    "components" : [ {
      "componentAttributes" : {
        "customHeadTags" : "",
        "description" : "",
        "title" : "Contact Support"
      },
      "componentName" : "forceCommunity:seoAssistant",
      "id" : "9b4594dc-5b19-40ad-966d-1ebce8db01e8",
      "renditionMap" : { },
      "type" : "component"
    } ],
    "id" : "da04e219-9dda-4d5e-adeb-9ec001339852",
    "regionName" : "sfdcHiddenRegion",
    "type" : "region"
  } ],
  "themeLayoutType" : "uNScKEbVnwTDxiAHdaZ36szm59Sb16",
  "type" : "view",
  "viewType" : "contactsupport"
}