{
  "appPageId" : "f8a071b4-5e8f-44bb-8412-938b1a431767",
  "componentName" : "siteforce:sldsOneColLayout",
  "id" : "d131b953-f575-416d-923c-0efb2fa0e3d2",
  "label" : "Forgot Password",
  "regions" : [ {
    "components" : [ {
      "componentAttributes" : {
        "richTextValue" : "<div style=\"padding-top: 50px;\" />"
      },
      "componentName" : "forceCommunity:htmlBlock",
      "id" : "d49326d5-b1af-49ac-acff-8cb19a039b2f",
      "renderPriority" : "NEUTRAL",
      "renditionMap" : { },
      "type" : "component"
    }, {
      "componentAttributes" : {
        "richTextValue" : "<p style=\"text-align: center;\"><img class=\"sfdcCbImage\" alt=\"\" src=\"{!contentAsset.more4appscommunityrgb.1}\" style=\"width: 320.109px; height: 124.594px;\"></p>\n<p style=\"text-align: center;\">&nbsp;</p>"
      },
      "componentName" : "forceCommunity:richTextInline",
      "id" : "d30fedff-2d38-4bca-b014-fc5957e08917",
      "renderPriority" : "NEUTRAL",
      "renditionMap" : { },
      "type" : "component"
    }, {
      "componentAttributes" : {
        "richTextValue" : "<p style=\"text-align: center;\"><br></p><p style=\"text-align: center;\"><br></p><h3 style=\"text-align: center;\">Enter your Email Address below to reset your Password.</h3><h3 style=\"text-align: center;\">An email will be sent to you to confirm your new password.</h3><p style=\"text-align: center;\"><br></p><p style=\"text-align: center;\"><br></p>"
      },
      "componentName" : "forceCommunity:richTextInline",
      "id" : "1da01b04-a423-494b-a66e-97a9263f51d6",
      "renderPriority" : "NEUTRAL",
      "renditionMap" : { },
      "type" : "component"
    }, {
      "componentAttributes" : {
        "checkEmailUrl" : "/community/s/login/CheckPasswordResetEmail",
        "submitButtonLabel" : "Reset Password",
        "usernameLabel" : "Email Address"
      },
      "componentName" : "salesforceIdentity:forgotPassword2",
      "id" : "69c2b8c1-09c6-4b73-afbe-0d2f82b4f961",
      "renderPriority" : "NEUTRAL",
      "renditionMap" : { },
      "type" : "component"
    }, {
      "componentAttributes" : {
        "richTextValue" : "<div align=\"center\" style=\"padding-bottom: 20px\">\n\t<form method=\"get\" action=\"/community/s/\">\n   \t\t<button class=\"button-login button1\" type=\"submit\">Cancel</button>\n\t</form>\n</div>"
      },
      "componentName" : "forceCommunity:htmlBlock",
      "id" : "d8cd65c4-84e7-4c60-8419-60dfbea9f0a3",
      "renderPriority" : "NEUTRAL",
      "renditionMap" : { },
      "type" : "component"
    }, {
      "componentAttributes" : {
        "richTextValue" : "<div style=\"padding-top: 50px;\" />"
      },
      "componentName" : "forceCommunity:htmlBlock",
      "id" : "21b40902-8c02-4dbd-a05f-2f0b2644a754",
      "renderPriority" : "NEUTRAL",
      "renditionMap" : { },
      "type" : "component"
    } ],
    "id" : "23fe50af-1857-4f1b-82fc-27e60110efe7",
    "regionName" : "content",
    "type" : "region"
  }, {
    "components" : [ {
      "componentAttributes" : {
        "customHeadTags" : "",
        "description" : "",
        "title" : "Forgot Password"
      },
      "componentName" : "forceCommunity:seoAssistant",
      "id" : "9b2426fa-4d5f-49d5-a59e-2bea69f96e58",
      "renditionMap" : { },
      "type" : "component"
    } ],
    "id" : "8ffd2402-ef99-4ae6-977a-fda9b3af50ab",
    "regionName" : "sfdcHiddenRegion",
    "type" : "region"
  } ],
  "themeLayoutType" : "OTyUQioaTVvKCi4dYi3sZYJ4aq64VX",
  "type" : "view",
  "viewType" : "forgot-password"
}