{
  "appPageId" : "15c18bce-cd20-41ce-bea0-694f6d19ded6",
  "componentName" : "siteforce:sldsOneColLayout",
  "id" : "66beb489-144f-4233-8e4c-c9705f1bc9ea",
  "label" : "Home",
  "regions" : [ {
    "components" : [ {
      "componentAttributes" : {
        "richTextValue" : "<div style=\"padding-top: 30px\"/>"
      },
      "componentName" : "forceCommunity:htmlBlock",
      "id" : "779e395b-af69-4152-9fb3-1e29773824dd",
      "renderPriority" : "NEUTRAL",
      "renditionMap" : {
        "small" : "a95238aa-e49e-401b-aa27-0f73fcadd4ba"
      },
      "renditions" : [ {
        "id" : "a95238aa-e49e-401b-aa27-0f73fcadd4ba",
        "renditionValue" : {
          "isVisible" : true
        },
        "type" : "renditionComponent"
      } ],
      "type" : "component"
    } ],
    "id" : "b768b463-718f-4810-9b21-ff224d21811d",
    "regionName" : "header",
    "type" : "region"
  }, {
    "id" : "7d9c1505-544a-418e-a449-3288b5bb5f48",
    "regionName" : "featured",
    "type" : "region"
  }, {
    "components" : [ {
      "componentAttributes" : {
        "config" : {
          "collectionLayoutDefinition" : {
            "attributes" : {
              "contentIndicatorSpacing" : "large",
              "limitItems" : 5,
              "pauseButtonPlacement" : "left",
              "progressionPace" : 5,
              "shouldAutoScroll" : false,
              "showPauseButton" : true,
              "showProgressArrows" : true,
              "showProgressIndicator" : true,
              "slidesToShow" : 3,
              "spacing" : "large",
              "transitionSpeed" : 600
            },
            "componentName" : "forceCommunity:dynamicCollectionCarouselMultiSlide"
          },
          "dataProviderDefinition" : {
            "attributes" : {
              "dataProviderInfo" : {
                "apiName" : "News"
              },
              "dataProviderType" : "NamedCollection"
            },
            "componentName" : "forceCommunity:managedContentCollectionDataProvider"
          },
          "itemLayoutDefinition" : {
            "attributes" : {
              "additionalLinks" : "{}",
              "backgroundPosition" : "center center",
              "backgroundSize" : "cover",
              "bannerAspectRatio" : "16:9",
              "bannerHeight" : "220",
              "bannerSubTitleTextColor" : "#ffffff",
              "bannerTitleTextColor" : "#ffffff",
              "callToActionButtonBackgroundColor" : "",
              "callToActionButtonBackgroundColorHover" : "",
              "callToActionButtonBorderColor" : "",
              "callToActionButtonBorderColorHover" : "",
              "callToActionButtonBorderStyles" : "",
              "callToActionButtonTextColor" : "",
              "callToActionButtonTextColorHover" : "",
              "callToActionLabel" : "View",
              "componentHoverEffect" : "zoomIn",
              "contentWidth" : 80,
              "dateFormat" : "none",
              "datetime" : "",
              "datetimeFontSize" : "regular",
              "datetimeTextColor" : "#ffffff",
              "datetimeTextDecoration" : "",
              "defaultLinksOverrides" : "{\"callToActionLabel\":{\"target\":\"_blank\",\"linkURL\":\"{!CurrentItem.source.url}\"}}",
              "displayDayOfWeek" : false,
              "eyebrowFontSize" : "regular",
              "eyebrowHighlightColor" : "",
              "eyebrowText" : "",
              "eyebrowTextColor" : "#ffffff",
              "eyebrowTextDecoration" : "",
              "flagAlignment" : "top left",
              "flagBackgroundColor" : "#ff0000",
              "flagBorderColor" : "#ffffff",
              "flagBorderStyles" : "{\"borderTopLeftRadius\":{\"value\":\"0\"},\"borderTopRightRadius\":{\"value\":\"0\"},\"borderBottomRightRadius\":{\"value\":\"0\"},\"borderBottomLeftRadius\":{\"value\":\"0\"}}",
              "flagRotation" : 0,
              "flagSpacing" : "medium",
              "flagText" : "",
              "flagTextColor" : "#ffffff",
              "flagTextDecoration" : "",
              "hideTextElementsForVideo" : false,
              "imageAltText" : "",
              "imageUrl" : "",
              "metadata1HighlightColor" : "",
              "metadata1Text" : "",
              "metadata2HighlightColor" : "",
              "metadata2Text" : "",
              "metadataFontSize" : "regular",
              "metadataTextColor" : "#ffffff",
              "metadataTextDecoration" : "",
              "overlayBackgroundColor" : "rgba(0, 0, 0, 0.3)",
              "showButton" : true,
              "showCaption" : false,
              "showDateTime" : false,
              "showEyebrow" : false,
              "showEyebrowHighlight" : false,
              "showFlag" : false,
              "showMetadata1" : false,
              "showMetadata1Highlight" : false,
              "showMetadata2" : false,
              "showMetadata2Highlight" : false,
              "showTitle" : true,
              "showTitleHighlight" : false,
              "subTitle" : "",
              "subTitleFontSize" : "regular",
              "textAlignment" : "center center",
              "timeFormat" : "none",
              "timeZoneDisplay" : "short",
              "timeZoneOptions" : "none",
              "title" : "{!CurrentItem.title}",
              "titleFontSize" : "large",
              "titleHeadingTag" : "p",
              "titleHighlightColor" : "",
              "titleTextDecoration" : "",
              "useAspectRatio" : false,
              "videoUrl" : ""
            },
            "componentName" : "forceCommunity:bannerLayout"
          },
          "schemaVersion" : "V2.0"
        }
      },
      "componentName" : "forceCommunity:dynamicCollection",
      "id" : "d9014da1-607e-4d2b-a18c-30f5458d040f",
      "renderPriority" : "NEUTRAL",
      "renditionMap" : { },
      "type" : "component"
    }, {
      "componentAttributes" : {
        "config" : {
          "collectionLayoutDefinition" : {
            "attributes" : {
              "contentIndicatorSpacing" : "large",
              "limitItems" : 5,
              "pauseButtonPlacement" : "left",
              "progressionPace" : 5,
              "shouldAutoScroll" : false,
              "showPauseButton" : true,
              "showProgressArrows" : true,
              "showProgressIndicator" : true,
              "slidesToShow" : 3,
              "spacing" : "large",
              "transitionSpeed" : 600
            },
            "componentName" : "forceCommunity:dynamicCollectionCarouselMultiSlide"
          },
          "dataProviderDefinition" : {
            "attributes" : {
              "dataProviderInfo" : {
                "apiName" : "EBS_Toolbox_Documentation"
              },
              "dataProviderType" : "NamedCollection"
            },
            "componentName" : "forceCommunity:managedContentCollectionDataProvider"
          },
          "itemLayoutDefinition" : {
            "attributes" : {
              "additionalLinks" : "{}",
              "backgroundPosition" : "center center",
              "backgroundSize" : "cover",
              "bannerAspectRatio" : "16:9",
              "bannerHeight" : "220",
              "bannerSubTitleTextColor" : "#ffffff",
              "bannerTitleTextColor" : "#ffffff",
              "callToActionButtonBackgroundColor" : "",
              "callToActionButtonBackgroundColorHover" : "",
              "callToActionButtonBorderColor" : "",
              "callToActionButtonBorderColorHover" : "",
              "callToActionButtonBorderStyles" : "",
              "callToActionButtonTextColor" : "",
              "callToActionButtonTextColorHover" : "",
              "callToActionLabel" : "View",
              "componentHoverEffect" : "zoomIn",
              "contentWidth" : 80,
              "dateFormat" : "none",
              "datetime" : "",
              "datetimeFontSize" : "regular",
              "datetimeTextColor" : "#ffffff",
              "datetimeTextDecoration" : "",
              "defaultLinksOverrides" : "{\"callToActionLabel\":{\"target\":\"_blank\",\"linkURL\":\"{!CurrentItem.source.url}\"}}",
              "displayDayOfWeek" : false,
              "eyebrowFontSize" : "regular",
              "eyebrowHighlightColor" : "",
              "eyebrowText" : "",
              "eyebrowTextColor" : "#ffffff",
              "eyebrowTextDecoration" : "",
              "flagAlignment" : "top left",
              "flagBackgroundColor" : "#ff0000",
              "flagBorderColor" : "#ffffff",
              "flagBorderStyles" : "{\"borderTopLeftRadius\":{\"value\":\"0\"},\"borderTopRightRadius\":{\"value\":\"0\"},\"borderBottomRightRadius\":{\"value\":\"0\"},\"borderBottomLeftRadius\":{\"value\":\"0\"}}",
              "flagRotation" : 0,
              "flagSpacing" : "medium",
              "flagText" : "",
              "flagTextColor" : "#ffffff",
              "flagTextDecoration" : "",
              "hideTextElementsForVideo" : false,
              "imageAltText" : "",
              "imageUrl" : "",
              "metadata1HighlightColor" : "",
              "metadata1Text" : "",
              "metadata2HighlightColor" : "",
              "metadata2Text" : "",
              "metadataFontSize" : "regular",
              "metadataTextColor" : "#ffffff",
              "metadataTextDecoration" : "",
              "overlayBackgroundColor" : "rgba(0, 0, 0, 0.3)",
              "showButton" : true,
              "showCaption" : false,
              "showDateTime" : false,
              "showEyebrow" : false,
              "showEyebrowHighlight" : false,
              "showFlag" : false,
              "showMetadata1" : false,
              "showMetadata1Highlight" : false,
              "showMetadata2" : false,
              "showMetadata2Highlight" : false,
              "showTitle" : true,
              "showTitleHighlight" : false,
              "subTitle" : "",
              "subTitleFontSize" : "regular",
              "textAlignment" : "center center",
              "timeFormat" : "none",
              "timeZoneDisplay" : "short",
              "timeZoneOptions" : "none",
              "title" : "{!CurrentItem.title}",
              "titleFontSize" : "large",
              "titleHeadingTag" : "p",
              "titleHighlightColor" : "",
              "titleTextDecoration" : "",
              "useAspectRatio" : false,
              "videoUrl" : ""
            },
            "componentName" : "forceCommunity:bannerLayout"
          },
          "schemaVersion" : "V2.0"
        }
      },
      "componentName" : "forceCommunity:dynamicCollection",
      "id" : "171d1b39-a86a-4882-9ac7-9b8b87017e16",
      "renderPriority" : "NEUTRAL",
      "renditionMap" : { },
      "type" : "component"
    }, {
      "componentAttributes" : {
        "richTextValue" : "<div class=\"row\">\n    <div class=\"column\">\n\t\t\t\t<div class=\"gradient-ebs\">\n                \t<table>\n                        <tr style=\"height: 100px;\">\n                            <td colspan=\"5\" class=\"toolbox-headers\"><h1>EBS Toolbox</h1></td>\n                        </tr>\n                        <tr style=\"height: 150px;\">\n                            <td style=\"width: 10%;\"/>\n                            <td class=\"button-homepage-ebs\"><a style=\"text-decoration: none; color: #ffffff;\" href=\"/community/s/ebs-contact-support/\" target=\"_self\"><img alt=\"EBS Contact Support\" class=\"toolbox-icons\" src=\"{!contentAsset.m4acommunitysupport.1}\" /><h3 style=\"padding-top: 10px;\">Product Support Request</h3></a></td>\n            \t\t\t\t<td style=\"width: 10%\"></td>\n                            <td class=\"button-homepage-ebs\"><a style=\"text-decoration: none; color: #ffffff;\" href=\"https://more4apps.com/support/ebs-toolbox-support/ebs-toolbox-user-documentation/\" target=\"_blank\"><img alt=\"EBS User Documentation\" class=\"toolbox-icons\" src=\"{!contentAsset.m4acommunitydocumentation.1}\" /><h3 style=\"padding-top: 10px;\">User Documentation</h3></a></td>\n                            <td style=\"width: 10%\"/>\n            \t\t\t</tr>\n                        <tr style=\"height: 20px\"/>\n                   \t\t<tr style=\"height: 150px\">\n                            <td style=\"width: 10%;\"/>\n                            <td class=\"button-homepage-ebs\"><a style=\"text-decoration: none; color: #ffffff;\" href=\"https://more4apps.com/support/latest-release-details-ebs-toolbox/\" target=\"_blank\"><img alt=\"EBS Latest Release Details\" class=\"toolbox-icons\" src=\"{!contentAsset.m4acommunitylatestrelease.1}\" /><h3 style=\"padding-top: 10px;\">Latest Release Details</h3></a></td>\n            \t\t\t\t<td style=\"width: 10%\" />\n                            <td class=\"button-homepage-ebs\"><a style=\"text-decoration: none; color: #ffffff;\" href=\"https://more4apps.com/support/ebs-installation-guide/\" target=\"_blank\"><img alt=\"EBS Installation Guide\" class=\"toolbox-icons\" src=\"{!contentAsset.m4acommunityinstallation.1}\" /><h3 style=\"padding-top: 10px;\">Installation Guide</h3></a></td>\n                            <td style=\"width: 10%\"/>\n            \t\t\t</tr>\n                    </table>\n        \t\t</div>\n    </div>\n    <div class=\"column\">\n        \t\t<div class=\"gradient-erp-cloud\">\n                    <table>\n                        <tr style=\"height: 100px;\">\n                            <td colspan=\"5\" class=\"toolbox-headers\"><h1>ERP Cloud Toolbox</h1></td>\n                        </tr>\n                        <tr style=\"height: 150px;\">\n                            <td style=\"width: 10%;\"/>\n                            <td class=\"button-homepage-erp-cloud\"><a style=\"text-decoration: none; color: #ffffff;\" href=\"/community/s/erp-cloud-contact-support/\" target=\"_self\"><img alt=\"ERP Cloud Contact Support\" class=\"toolbox-icons\" src=\"{!contentAsset.m4acommunitysupport.1}\" /><h3 style=\"padding-top: 10px;\">Product Support Request</h3></a>\n            \t\t\t\t<td style=\"width: 10%\" />\n                            <td class=\"button-homepage-erp-cloud\"><a style=\"text-decoration: none; color: #ffffff;\" href=\"https://more4apps.com/support/erp-cloud-toolbox-support/erp-cloud-toolbox-user-documentation/\" target=\"_blank\"><img alt=\"ERP Cloud User Documentation\" class=\"toolbox-icons\" src=\"{!contentAsset.m4acommunitydocumentation.1}\" /><h3 style=\"padding-top: 10px;\">User Documentation</h3></a></td>\n                            <td style=\"width: 10%\"/>\n            \t\t\t</tr>\n                        <tr style=\"height: 20px;\"/>\n                   \t\t<tr style=\"height: 150px;\">\n                            <td style=\"width: 10%;\"/>\n                            <td class=\"button-homepage-erp-cloud\"><a style=\"text-decoration: none; color: #ffffff;\" href=\"https://more4apps.com/support/latest-release-details-erp-cloud-toolbox/\" target=\"_blank\"><img alt=\"ERP Cloud Latest Release Details\" class=\"toolbox-icons\" src=\"{!contentAsset.m4acommunitylatestrelease.1}\" /><h3 style=\"padding-top: 10px;\">Latest Release Details</h3></a></td>\n            \t\t\t\t<td style=\"width: 10%\" />\n                            <td class=\"button-homepage-erp-cloud\"><a style=\"text-decoration: none; color: #ffffff;\" href=\"https://more4apps.com/support/erp-cloud-installation-guide/\" target=\"_blank\"><img alt=\"ERP Cloud Installation Guide\" class=\"toolbox-icons\" src=\"{!contentAsset.m4acommunityinstallation.1}\" /><h3 style=\"padding-top: 10px;\">Installation Guide</h3></a></td>\n                            <td style=\"width: 10%\"/>\n            \t\t\t</tr>\n                    </table>\n\t\t\t\t</div>\n    </div>  \n</div>"
      },
      "componentName" : "forceCommunity:htmlBlock",
      "id" : "8d948cba-27bc-4ed1-97dc-99a97cda0953",
      "renderPriority" : "NEUTRAL",
      "renditionMap" : {
        "small" : "db181b4e-a8ea-4893-9221-3ada287d9ff9"
      },
      "renditions" : [ {
        "id" : "db181b4e-a8ea-4893-9221-3ada287d9ff9",
        "renditionValue" : {
          "isVisible" : true
        },
        "type" : "renditionComponent"
      } ],
      "type" : "component"
    }, {
      "componentAttributes" : {
        "richTextValue" : "<div style=\"padding-top: 20px\"/>"
      },
      "componentName" : "forceCommunity:htmlBlock",
      "id" : "8c8cf5f5-2a7e-41a3-8c7f-11be2cc807a6",
      "renderPriority" : "NEUTRAL",
      "renditionMap" : {
        "small" : "a0a2acba-c595-4bae-b4ba-a0fabb1dc730"
      },
      "renditions" : [ {
        "id" : "a0a2acba-c595-4bae-b4ba-a0fabb1dc730",
        "renditionValue" : {
          "isVisible" : true
        },
        "type" : "renditionComponent"
      } ],
      "type" : "component"
    }, {
      "componentAttributes" : {
        "richTextValue" : "<p class=\"section-headers\">Support Topics</p>"
      },
      "componentName" : "forceCommunity:htmlBlock",
      "id" : "5e374606-84c8-4ce1-8e01-bd90ad654530",
      "renderPriority" : "NEUTRAL",
      "renditionMap" : { },
      "type" : "component"
    }, {
      "componentAttributes" : {
        "richTextValue" : "<div style=\"padding: 10px 10px\">\n\t<table>\n           <tr align=\"center\">\n                <td class=\"button-topic-tile\"><a style=\"text-decoration: none; color: #63666A; --hover-color: #0047BB;\" href=\"/community/s/topic/0TO9D0000000QLYWA2/faq\" target=\"_self\"><h4>FAQ</h4></a></td>\n                <td class=\"button-topic-tile\"><a style=\"text-decoration: none; color: #63666A; --hover-color: #0047BB;\" href=\"/community/s/topic/0TO9D0000000QLlWAM/troubleshooting\" target=\"_self\"><h4>Troubleshooting</h4></a></td>\n               \t<td class=\"button-topic-tile\"><a style=\"text-decoration: none; color: #63666A; --hover-color: #0047BB;\" href=\"/community/s/topic/0TO9D0000000QLmWAM/how-to\" target=\"_self\"><h4>How To</h4></a></td>\n           \t</tr>\n    </table>\n</div>"
      },
      "componentName" : "forceCommunity:htmlBlock",
      "id" : "944697f0-b189-4459-a78c-261f4c92d4ae",
      "renderPriority" : "NEUTRAL",
      "renditionMap" : { },
      "type" : "component"
    }, {
      "componentAttributes" : {
        "richTextValue" : "<div style=\"padding-top: 20px\"/>"
      },
      "componentName" : "forceCommunity:htmlBlock",
      "id" : "5c6ce755-4452-452d-9ebc-a9d045cfb6ba",
      "renderPriority" : "NEUTRAL",
      "renditionMap" : {
        "small" : "27e3c616-c93d-4624-b1ce-926b616d0b70"
      },
      "renditions" : [ {
        "id" : "27e3c616-c93d-4624-b1ce-926b616d0b70",
        "renditionValue" : {
          "isVisible" : true
        },
        "type" : "renditionComponent"
      } ],
      "type" : "component"
    }, {
      "componentAttributes" : {
        "richTextValue" : "<p class=\"section-headers\">Product Topics</p>"
      },
      "componentName" : "forceCommunity:htmlBlock",
      "id" : "aa802a9b-6816-4d88-a0cd-254c2e11184d",
      "renderPriority" : "NEUTRAL",
      "renditionMap" : { },
      "type" : "component"
    }, {
      "componentAttributes" : {
        "richTextValue" : "<div class=\"rows\">\n    <div class=\"columns left\">\n        <table>\n            <tr>\n                <td colspan=\"2\" class=\"ebs-product-topic-headers\"><img alt=\"EBS Toolbox\" style=\"width: 297px; height: 92px;\" src=\"{!contentAsset.EBS_Toolbox_Logo.1}\" /></td>\n            </tr>\n            <tr align=\"center\">\n                <td class=\"button-topic-tile\"><a style=\"text-decoration: none; color: #63666A; --hover-color: #0047BB;\" href=\"/community/s/topic/0TO9D0000000QLTWA2/ebs-general\" target=\"_self\"><h4>EBS General</h4></a></td>\n                <td class=\"button-topic-tile\"><a style=\"text-decoration: none; color: #63666A; --hover-color: #0047BB;\" href=\"/community/s/topic/0TO9D0000000QLTWA2/ebs-general\" target=\"_self\"><h4>EBS Installation and Setup</h4></a></td>\n           \t</tr>\n            <tr align=\"center\">\n                <td class=\"button-topic-tile\"><a style=\"text-decoration: none; color: #63666A; --hover-color: #0047BB;\" href=\"/community/s/topic/0TO9D0000000QLZWA2/finance\" target=\"_self\"><h4>Finance</h4></a></td>\n            \t<td class=\"button-topic-tile\"><a style=\"text-decoration: none; color: #63666A; --hover-color: #0047BB;\" href=\"/community/s/topic/0TO9D0000000QLbWAM/human-resources\" target=\"_self\"><h4>Human Resources</h4></a></td>\n            <tr>\n           <tr align=\"center\">\n                <td class=\"button-topic-tile\"><a style=\"text-decoration: none; color: #63666A; --hover-color: #0047BB;\" href=\"/community/s/topic/0TO9D0000000QLcWAM/inventory\" target=\"_self\"><h4>Inventory</h4></a></td>\n                <td class=\"button-topic-tile\"><a style=\"text-decoration: none; color: #63666A; --hover-color: #0047BB;\" href=\"/community/s/topic/0TO9D0000000QLgWAM/product-definition\" target=\"_self\"><h4>Product Definition</h4></a></td>\n            </tr>\n            <tr align=\"center\">\n                <td class=\"button-topic-tile\"><a style=\"text-decoration: none; color: #63666A; --hover-color: #0047BB;\" href=\"/community/s/topic/0TO9D0000000QLdWAM/order-to-cash\" target=\"_self\"><h4>Order to Cash</h4></a></td>\n                <td class=\"button-topic-tile\"><a style=\"text-decoration: none; color: #63666A; --hover-color: #0047BB;\" href=\"/community/s/topic/0TO9D0000000QLeWAM/procure-to-pay\" target=\"_self\"><h4>Procure to Pay</h4></a></td>\n            </tr>\n            <tr align=\"center\">\n                <td class=\"button-topic-tile\"><a style=\"text-decoration: none; color: #63666A; --hover-color: #0047BB;\" href=\"/community/s/topic/0TO9D0000000QLiWAM/projects\" target=\"_self\"><h4>Projects</h4></a></td>\n                <td class=\"button-topic-tile\"><a style=\"text-decoration: none; color: #63666A; --hover-color: #0047BB;\" href=\"/community/s/topic/0TO9D0000000QLkWAM/system-administrator\" target=\"_self\"><h4>System Administrator</h4></a></td>\n            </tr>\n            <tr align=\"center\">\n                <td class=\"button-topic-tile\"><a style=\"text-decoration: none; color: #63666A; --hover-color: #0047BB;\" href=\"/community/s/topic/0TO9D0000000QLVWA2/development-platform\" target=\"_self\"><h4>Development Platform</h4></a></td>\n            </tr>\n        </table>\n    </div>\n    <div class=\"columns middle\"></div>\n\t<div class=\"columns right\">\n    \t<table>\n        <tr>\n\t\t\t<td colspan=\"2\" class=\"erp-cloud-product-topic-headers\"><img alt=\"ERP Cloud Toolbox\" style=\"width: 297px; height: 92px;\" src=\"{!contentAsset.ERP_Cloud_Toolbox_Logo.1}\" /></td>\n        </tr>\n        <tr align=\"center\">\n            <td class=\"button-topic-tile\"><a style=\"text-decoration: none; color: #63666A; --hover-color: #0047BB;\" href=\"/community/s/topic/0TO9D0000000QLWWA2/erp-cloud-generall\" target=\"_self\"><h4>ERP Cloud General</h4></a></td>\n           \t<td class=\"button-topic-tile\"><a style=\"text-decoration: none; color: #63666A; --hover-color: #0047BB;\" href=\"/community/s/topic/0TO9D0000000QLXWA2/erp-cloud-installation-and-setup\" target=\"_self\"><h4>ERP Cloud Installation and Setup</h4></a></td>\n        </tr>\n        <tr align=\"center\">\n            <td class=\"button-topic-tile\"><a style=\"text-decoration: none; color: #63666A; --hover-color: #0047BB;\" href=\"/community/s/topic/0TO9D0000000QLfWAM/procurement-module\" target=\"_self\"><h4>Procurement Module</h4></a></td>\n            <td class=\"button-topic-tile\"><a style=\"text-decoration: none; color: #63666A; --hover-color: #0047BB;\" href=\"/community/s/topic/0TO9D0000000QLhWAM/product-definition-module\" target=\"_self\"><h4>Product Definition Module</h4></a></td>\n        </tr>\n        <tr align=\"center\">\n            <td class=\"button-topic-tile\"><a style=\"text-decoration: none; color: #63666A; --hover-color: #0047BB;\" href=\"/community/s/topic/0TO9D0000000QLjWAM/projects-module\" target=\"_self\"><h4>Projects Module</h4></a></td>\n            <td class=\"button-topic-tile\"><a style=\"text-decoration: none; color: #63666A; --hover-color: #0047BB;\" href=\"/community/s/topic/0TO9D0000000QLaWAM/finance-module\" target=\"_self\"><h4>Finance Module</h4></a></td>            \n        </tr>\n    </table>\n\t</div>\n</div>"
      },
      "componentName" : "forceCommunity:htmlBlock",
      "id" : "d1c2c9a6-0678-472d-8f81-9a0f91558b7e",
      "renderPriority" : "NEUTRAL",
      "renditionMap" : { },
      "type" : "component"
    } ],
    "id" : "49a0ba08-8b27-4b4c-8f64-6aa30316ac42",
    "regionName" : "content",
    "type" : "region"
  }, {
    "id" : "8f16d200-2bb3-46b1-b9da-d0feded7bcc8",
    "regionName" : "sidebar",
    "type" : "region"
  }, {
    "components" : [ {
      "componentAttributes" : {
        "richTextValue" : "<div style=\"padding-top: 30px\"/>"
      },
      "componentName" : "forceCommunity:htmlBlock",
      "id" : "18d175d9-046f-40ae-87da-c5f07c3e0d33",
      "renderPriority" : "NEUTRAL",
      "renditionMap" : {
        "small" : "c7720a58-e934-4988-b211-b1fd1199aa80"
      },
      "renditions" : [ {
        "id" : "c7720a58-e934-4988-b211-b1fd1199aa80",
        "renditionValue" : {
          "isVisible" : true
        },
        "type" : "renditionComponent"
      } ],
      "type" : "component"
    } ],
    "id" : "03bcc6c8-27f1-4a11-b56e-a54e7588b6c2",
    "regionName" : "footer",
    "type" : "region"
  }, {
    "components" : [ {
      "componentAttributes" : {
        "customHeadTags" : "",
        "description" : "",
        "title" : "Home"
      },
      "componentName" : "forceCommunity:seoAssistant",
      "id" : "4fd04604-e7ac-4aa9-9d21-31a88d657250",
      "renditionMap" : { },
      "type" : "component"
    } ],
    "id" : "0195a754-6f49-4756-81fa-04238178d3c6",
    "regionName" : "sfdcHiddenRegion",
    "type" : "region"
  }, {
    "id" : "47b5b9b2-33f4-41de-850a-c5d7fcf3a87b",
    "regionName" : "sidebarAlt",
    "type" : "region"
  } ],
  "themeLayoutType" : "Home",
  "type" : "view",
  "viewType" : "home"
}