{
  "appPageId" : "15c18bce-cd20-41ce-bea0-694f6d19ded6",
  "componentName" : "siteforce:sldsOneColLayout",
  "id" : "c1088812-3bf1-4e8d-813c-9979b40d907d",
  "label" : "My Cases",
  "regions" : [ {
    "components" : [ {
      "componentAttributes" : {
        "richTextValue" : "<div style=\"padding-top: 20px\"/>"
      },
      "componentName" : "forceCommunity:htmlBlock",
      "id" : "4042fd01-a4f7-42c2-9637-87b9c58e4e77",
      "renderPriority" : "NEUTRAL",
      "renditionMap" : { },
      "type" : "component"
    } ],
    "id" : "4c070e7e-198f-4e12-8bcf-34be0b6643af",
    "regionName" : "header",
    "type" : "region"
  }, {
    "components" : [ {
      "componentAttributes" : {
        "enableInlineEdit" : false,
        "filterName" : "00B9D000002kWFCUA2",
        "layout" : "FULL",
        "pageSize" : 10,
        "scope" : "Case",
        "showActionBar" : false,
        "showChartsPanel" : false,
        "showDisplay" : "grid",
        "showFilterPanel" : false,
        "showImageIcon" : false,
        "showManualRefreshButton" : false,
        "showObjectName" : false,
        "showPinnedList" : true,
        "showSearchBar" : true
      },
      "componentName" : "forceCommunity:objectHome",
      "id" : "e059b566-2878-4d02-8138-5c850880c7f0",
      "renderPriority" : "NEUTRAL",
      "renditionMap" : { },
      "type" : "component"
    } ],
    "id" : "064c1dd3-6329-48be-be21-919bc0af71c0",
    "regionName" : "content",
    "type" : "region"
  }, {
    "components" : [ {
      "componentAttributes" : {
        "richTextValue" : "<div style=\"padding-top: 20px\"/>"
      },
      "componentName" : "forceCommunity:htmlBlock",
      "id" : "03c7c78d-6c96-404b-808b-d3775b96b549",
      "renderPriority" : "NEUTRAL",
      "renditionMap" : { },
      "type" : "component"
    } ],
    "id" : "da710c10-f835-43ca-a593-dc3be67ba5a9",
    "regionName" : "footer",
    "type" : "region"
  }, {
    "components" : [ {
      "componentAttributes" : {
        "customHeadTags" : "",
        "description" : "",
        "title" : "My Cases"
      },
      "componentName" : "forceCommunity:seoAssistant",
      "id" : "4d1f73e1-8cee-4bfa-926f-4f2d4fb0a444",
      "renditionMap" : { },
      "type" : "component"
    } ],
    "id" : "951cd707-0b95-42ab-bb1c-5e187bb35fa4",
    "regionName" : "sfdcHiddenRegion",
    "type" : "region"
  } ],
  "themeLayoutType" : "3fXSdNLU6jLxJAcXldtr0uIr54lfWr",
  "type" : "view",
  "viewType" : "custom-my-cases"
}