{
  "appPageId" : "15c18bce-cd20-41ce-bea0-694f6d19ded6",
  "componentName" : "siteforce:sldsOneColLayout",
  "id" : "883adaf0-19ee-4b15-889a-0f7cde2f1ddf",
  "label" : "Record Detail",
  "regions" : [ {
    "id" : "3023ade4-8e7f-4f74-923b-dc7f2bff2f87",
    "regionName" : "header",
    "type" : "region"
  }, {
    "components" : [ {
      "componentAttributes" : {
        "recordId" : "{!recordId}"
      },
      "componentName" : "forceCommunity:lwcRecordDetail",
      "id" : "96130ff6-aee1-474e-91fd-1307f120729f",
      "renderPriority" : "NEUTRAL",
      "renditionMap" : { },
      "type" : "component"
    }, {
      "componentAttributes" : {
        "recordId" : "{!recordId}",
        "width" : "MEDIUM"
      },
      "componentName" : "forceCommunity:relatedRecords",
      "id" : "9869db39-1b34-4ef8-9217-e0472d5cd6f1",
      "renderPriority" : "NEUTRAL",
      "renditionMap" : { },
      "type" : "component"
    } ],
    "id" : "7b9e08eb-f5b6-4d24-ae33-0d8c8e188539",
    "regionName" : "content",
    "type" : "region"
  }, {
    "components" : [ {
      "componentAttributes" : {
        "richTextValue" : "<div style=\"padding-top: 20px\" />"
      },
      "componentName" : "forceCommunity:htmlBlock",
      "id" : "7ecdd338-7ed1-4368-b06a-0526bfaba242",
      "renderPriority" : "NEUTRAL",
      "renditionMap" : { },
      "type" : "component"
    } ],
    "id" : "427aaf6e-7fd6-4ec7-832a-f076a753e140",
    "regionName" : "footer",
    "type" : "region"
  }, {
    "components" : [ {
      "componentAttributes" : {
        "customHeadTags" : "",
        "description" : "",
        "title" : "{!Record._Object}: {!Record._Title}"
      },
      "componentName" : "forceCommunity:seoAssistant",
      "id" : "3a37fcdf-c419-4e02-b4bd-0096f6a83024",
      "renditionMap" : { },
      "type" : "component"
    } ],
    "id" : "fb125e36-ece5-49b5-86c6-6e08d16c6925",
    "regionName" : "sfdcHiddenRegion",
    "type" : "region"
  } ],
  "themeLayoutType" : "Inner",
  "type" : "view",
  "viewType" : "detail"
}