{
  "activeBrandingSetId" : "3510feb1-3b52-4bdd-a293-cedcd5333743",
  "customCSS" : "",
  "developerName" : "cypress",
  "id" : "20475fdb-d173-40b9-89b3-fa786c6590c4",
  "label" : "Cypress",
  "layouts" : {
    "Home" : "05be46cf-f1db-4891-a00e-f446a17f6f66",
    "Inner" : "dced1f16-f0ea-4b1d-8798-b6c4bd7d07b2",
    "Login" : "016275d5-c322-41f7-b11d-8d92fbd3d57e",
    "ServiceNotAvailable" : "09971b0d-d299-49c5-a2f1-3a3e39083b5b"
  },
  "type" : "theme",
  "views" : [ {
    "componentAttributes" : { },
    "componentName" : "salesforceIdentity:loginBody2",
    "id" : "016275d5-c322-41f7-b11d-8d92fbd3d57e",
    "label" : "Login",
    "regions" : [ {
      "id" : "8de73c88-2c96-4a82-b391-b01fd113b083",
      "regionName" : "header",
      "type" : "region"
    }, {
      "id" : "bd410650-b732-432a-a67e-4f9edf6508e9",
      "regionName" : "content",
      "type" : "region"
    }, {
      "id" : "be009147-cc81-4a5a-9417-47f5792d6fc5",
      "regionName" : "footer",
      "type" : "region"
    } ],
    "type" : "view"
  }, {
    "componentAttributes" : {
      "fixedPageWidth" : 1440,
      "headerBgColor" : "rgba(255, 255, 255, 0.8)",
      "isHeaderPinned" : false,
      "isHeroUnderHeader" : false,
      "isPageWidthFixed" : true,
      "showHeader" : true,
      "showHero" : false
    },
    "componentName" : "siteforce:themeLayoutStarter",
    "id" : "dced1f16-f0ea-4b1d-8798-b6c4bd7d07b2",
    "label" : "Default",
    "regions" : [ {
      "components" : [ {
        "componentAttributes" : {
          "background" : "background: rgb(255,255,255)",
          "backgroundOverlayColor" : "rgba(0, 0, 0, 0.3)",
          "borderBottomColor" : "rgba(33, 33, 33, 0.15)",
          "centerAlignLogo" : true,
          "collapseNavMenu" : true,
          "containHeader" : true,
          "containHeaderWidth" : 1440,
          "dropdownBackgroundColor" : "rgb(255, 255, 255)",
          "dropdownBackgroundHoverColor" : "",
          "dropdownBorderColor" : "rgb(240, 240, 240)",
          "dropdownTextColor" : "",
          "dropdownTextHoverColor" : "",
          "headerHeight" : 30,
          "linkActiveBorderColor" : "",
          "linkColor" : "rgba(0, 0, 0, 0.8)",
          "linkHoverColor" : "rgba(0, 0, 0, 0.7)",
          "linkTextShadowColor" : "rgba(255, 255, 255, 0)",
          "logoWidth" : 115,
          "searchStyle" : "collapsed",
          "showAppLauncher" : false,
          "showNavMenuOnLeft" : true,
          "showNotifications" : true,
          "showProfileMenu" : true,
          "showSearch" : true
        },
        "componentName" : "forceCommunity:themeHeaderCompact",
        "id" : "83ec2f6d-4cab-4b36-872b-691f17c47bd9",
        "regions" : [ {
          "components" : [ {
            "componentAttributes" : {
              "buttonBackgroundColor" : "",
              "buttonBackgroundHoverColor" : "",
              "buttonBorderColor" : "rgba(0, 0, 0, 0)",
              "buttonBorderRadius" : 4,
              "buttonText" : "Log in",
              "buttonTextColor" : "",
              "buttonTextHoverColor" : "",
              "customizableUserProfileMenuEditor" : "Default_User_Profile_Menu1",
              "menuStyleSettings" : "{\"selectedMenuStyleSetting\":\"iconOnly\",\"selectedIconSetting\":\"userAvatar\",\"includeCompanyName\":false,\"selectedTextOrientationSetting\":\"right\"}"
            },
            "componentName" : "forceCommunity:customizableUserProfileMenu",
            "id" : "f44bc864-ccdb-4d84-968a-5dd2d2116364",
            "renditionMap" : { },
            "type" : "component"
          } ],
          "id" : "52c6ca45-7f4f-43f8-a5c3-372114f2cb0d",
          "regionName" : "themeHeaderProfileMenu",
          "type" : "region"
        }, {
          "components" : [ {
            "componentAttributes" : {
              "backgroundColor" : "rgb(255, 255, 255)",
              "borderColor" : "rgba(0, 0, 0, 0.8)",
              "borderRadius" : 4,
              "borderStyle" : "bottomborder",
              "buttonColor" : "",
              "buttonHoverColor" : "",
              "crossObjectTypeaheadApiNames" : "",
              "iconColor" : "rgba(0, 0, 0, 0.8)",
              "placeholderText" : "Search...",
              "placeholderTextColor" : "rgba(0, 0, 0, 0.6)",
              "showSearchButton" : false,
              "textColor" : "rgba(0, 0, 0, 0.8)",
              "typeaheadResultMax" : 5,
              "useTypeahead" : true
            },
            "componentName" : "forceCommunity:themeSearch",
            "id" : "d5349969-64d9-4f83-8788-e97369fb7dc6",
            "renditionMap" : { },
            "type" : "component"
          } ],
          "id" : "fab8a0fa-69fb-416d-95bb-1fc154ad9c5a",
          "regionName" : "search",
          "type" : "region"
        }, {
          "components" : [ {
            "componentAttributes" : {
              "navAlignment" : "left",
              "navItemThreshold" : 4,
              "navigationMenuEditorRefresh" : ""
            },
            "componentName" : "forceCommunity:themeNav",
            "id" : "29435186-a066-4476-bbbb-44bd42d5a545",
            "renditionMap" : { },
            "type" : "component"
          } ],
          "id" : "91ea2271-1789-49bc-a1ca-dbe08d4660f9",
          "regionName" : "nav",
          "type" : "region"
        }, {
          "id" : "02708851-7e19-4adf-8b61-80ff29d37b11",
          "regionName" : "cartIcon",
          "type" : "region"
        } ],
        "renditionMap" : { },
        "type" : "component"
      } ],
      "id" : "fdf0e567-88cb-4de0-983d-7ac4fec0a309",
      "regionName" : "themeHeader",
      "type" : "region"
    }, {
      "components" : [ {
        "componentAttributes" : {
          "bgImage" : "background: rgb(0,0,0) url(/sfsites/assets/themes/cypress-background.jpg) top center /cover",
          "bgOverlayColor" : "rgba(0, 0, 0, 0.35)",
          "captionText" : "Limited time offer",
          "captionTextColor" : "rgb(255, 255, 255)",
          "captionTextShadowColor" : "rgba(0, 0, 0, 0.5)",
          "contentAlignment" : "center",
          "contentWidth" : 60,
          "ctaBtnOneBgColor" : "",
          "ctaBtnOneBgHoverColor" : "",
          "ctaBtnOneBorderColor" : "rgba(0, 0, 0, 0)",
          "ctaBtnOneOpenNewTab" : false,
          "ctaBtnOneText" : "Learn More",
          "ctaBtnOneTextColor" : "",
          "ctaBtnOneTextHoverColor" : "",
          "ctaBtnOneUrl" : "",
          "ctaBtnRadius" : 4,
          "ctaBtnTwoBgColor" : "rgba(255, 255, 255, 0)",
          "ctaBtnTwoBgHoverColor" : "rgb(255, 255, 255)",
          "ctaBtnTwoBorderColor" : "rgb(255, 255, 255)",
          "ctaBtnTwoOpenNewTab" : false,
          "ctaBtnTwoText" : "Secondary",
          "ctaBtnTwoTextColor" : "rgb(255, 255, 255)",
          "ctaBtnTwoTextHoverColor" : "rgba(0, 0, 0, 0.8)",
          "ctaBtnTwoUrl" : "",
          "ctaShowBtnOne" : true,
          "ctaShowBtnTwo" : false,
          "fixedHeroWidth" : true,
          "heroHeight" : 140,
          "heroWidth" : 1440,
          "showCaption" : true,
          "showSubtitle" : false,
          "showTitle" : true,
          "subtitleText" : "Subtitle Content",
          "subtitleTextColor" : "rgb(255, 255, 255)",
          "subtitleTextShadowColor" : "rgba(0, 0, 0, 0.5)",
          "titleText" : "Collect bonus rewards.",
          "titleTextColor" : "rgb(255, 255, 255)",
          "titleTextShadowColor" : "rgba(0, 0, 0, 0.5)",
          "type" : "callToAction"
        },
        "componentName" : "forceCommunity:themeHeroStarter",
        "id" : "3530d094-3a25-4768-8a6d-018e628814b9",
        "regions" : [ {
          "components" : [ {
            "componentAttributes" : {
              "backgroundColor" : "rgb(255, 255, 255)",
              "borderColor" : "rgba(0, 0, 0, 0.5)",
              "borderRadius" : 4,
              "borderStyle" : "outline",
              "buttonColor" : "",
              "buttonHoverColor" : "",
              "crossObjectTypeaheadApiNames" : "",
              "iconColor" : "rgb(255, 255, 255)",
              "placeholderText" : "Ask a question...",
              "placeholderTextColor" : "rgba(0, 0, 0, 0.6)",
              "publicDropdownBackgroundColor" : "rgb(255, 255, 255)",
              "publicDropdownBackgroundHoverColor" : "",
              "publicDropdownBorderColor" : "rgb(240, 240, 240)",
              "publicDropdownTextColor" : "",
              "publicDropdownTextHoverColor" : "",
              "showSearchButton" : true,
              "textColor" : "rgba(0, 0, 0, 0.8)",
              "typeaheadResultMax" : 6,
              "useTypeahead" : true
            },
            "componentName" : "forceCommunity:themeSearchHero",
            "id" : "2560547d-28ae-4b89-b38f-cfe038fa5f48",
            "renditionMap" : { },
            "type" : "component"
          } ],
          "id" : "14c37a5c-d320-4e06-8de1-f983e7d86be4",
          "regionName" : "search",
          "type" : "region"
        } ],
        "renditionMap" : { },
        "type" : "component"
      } ],
      "id" : "9c7e7dde-2a48-483e-82fe-77ee57ff1961",
      "regionName" : "themeHero",
      "type" : "region"
    }, {
      "id" : "acc6d3cd-7c78-45d6-9c7c-3fc47ae17de9",
      "regionName" : "themeFooter",
      "type" : "region"
    } ],
    "type" : "view"
  }, {
    "componentAttributes" : {
      "fixedPageWidth" : 1440,
      "headerBgColor" : "rgba(28, 22, 28, 0.9)",
      "isHeaderPinned" : false,
      "isHeroUnderHeader" : false,
      "isPageWidthFixed" : true,
      "showHeader" : true,
      "showHero" : true
    },
    "componentName" : "siteforce:themeLayoutStarter",
    "id" : "05be46cf-f1db-4891-a00e-f446a17f6f66",
    "label" : "Home",
    "regions" : [ {
      "components" : [ {
        "componentAttributes" : {
          "background" : "background: rgb(255,255,255)",
          "backgroundOverlayColor" : "rgba(0, 0, 0, 0.3)",
          "borderBottomColor" : "rgba(33, 33, 33, 0.15)",
          "centerAlignLogo" : true,
          "collapseNavMenu" : true,
          "containHeader" : true,
          "containHeaderWidth" : 1440,
          "dropdownBackgroundColor" : "rgb(255, 255, 255)",
          "dropdownBackgroundHoverColor" : "",
          "dropdownBorderColor" : "rgb(240, 240, 240)",
          "dropdownTextColor" : "",
          "dropdownTextHoverColor" : "",
          "headerHeight" : 30,
          "linkActiveBorderColor" : "",
          "linkColor" : "rgba(0, 0, 0, 0.8)",
          "linkHoverColor" : "rgba(0, 0, 0, 0.7)",
          "linkTextShadowColor" : "rgba(255, 255, 255, 0)",
          "logoWidth" : 115,
          "searchStyle" : "collapsed",
          "showAppLauncher" : false,
          "showNavMenuOnLeft" : true,
          "showNotifications" : true,
          "showProfileMenu" : true,
          "showSearch" : true
        },
        "componentName" : "forceCommunity:themeHeaderCompact",
        "id" : "c5f00212-1fa0-4b2c-b096-96cae292eb26",
        "regions" : [ {
          "components" : [ {
            "componentAttributes" : {
              "buttonBackgroundColor" : "",
              "buttonBackgroundHoverColor" : "",
              "buttonBorderColor" : "rgba(0, 0, 0, 0)",
              "buttonBorderRadius" : 4,
              "buttonText" : "Log in",
              "buttonTextColor" : "",
              "buttonTextHoverColor" : "",
              "customizableUserProfileMenuEditor" : "Default_User_Profile_Menu1",
              "menuStyleSettings" : "{\"selectedMenuStyleSetting\":\"iconOnly\",\"selectedIconSetting\":\"userAvatar\",\"includeCompanyName\":false,\"selectedTextOrientationSetting\":\"right\"}"
            },
            "componentName" : "forceCommunity:customizableUserProfileMenu",
            "id" : "80fe0846-28dd-4159-9bc0-5333db3b04c8",
            "renditionMap" : { },
            "type" : "component"
          } ],
          "id" : "c9e039c7-6a46-485c-aef1-e90e1c77a40d",
          "regionName" : "themeHeaderProfileMenu",
          "type" : "region"
        }, {
          "components" : [ {
            "componentAttributes" : {
              "backgroundColor" : "rgb(255, 255, 255)",
              "borderColor" : "rgba(0, 0, 0, 0.8)",
              "borderRadius" : 4,
              "borderStyle" : "bottomborder",
              "buttonColor" : "",
              "buttonHoverColor" : "",
              "crossObjectTypeaheadApiNames" : "",
              "iconColor" : "rgba(0, 0, 0, 0.8)",
              "placeholderText" : "Search...",
              "placeholderTextColor" : "rgba(0, 0, 0, 0.6)",
              "showSearchButton" : false,
              "textColor" : "rgba(0, 0, 0, 0.8)",
              "typeaheadResultMax" : 5,
              "useTypeahead" : true
            },
            "componentName" : "forceCommunity:themeSearch",
            "id" : "3565506a-1058-472f-b5c5-86488ccc2cfd",
            "renditionMap" : { },
            "type" : "component"
          } ],
          "id" : "cfb9d4ce-e23f-4474-b272-676b1bb0f4b3",
          "regionName" : "search",
          "type" : "region"
        }, {
          "components" : [ {
            "componentAttributes" : {
              "navAlignment" : "left",
              "navItemThreshold" : 4,
              "navigationMenuEditorRefresh" : ""
            },
            "componentName" : "forceCommunity:themeNav",
            "id" : "2dd5fcec-587c-4901-8362-a4b2a276128f",
            "renditionMap" : { },
            "type" : "component"
          } ],
          "id" : "8f0ec78d-b8e7-4508-b077-ddf27b4a19fe",
          "regionName" : "nav",
          "type" : "region"
        }, {
          "id" : "db003f32-970e-4699-bfc7-0fce18b1c949",
          "regionName" : "cartIcon",
          "type" : "region"
        } ],
        "renditionMap" : { },
        "type" : "component"
      } ],
      "id" : "8b822e81-f174-470c-8e7d-b8a9d1f87d64",
      "regionName" : "themeHeader",
      "type" : "region"
    }, {
      "components" : [ {
        "componentAttributes" : {
          "bgImage" : "background: rgb(0,0,0) url(/sfsites/assets/themes/cypress-background.jpg) top center /cover",
          "bgOverlayColor" : "rgba(0, 0, 0, 0.35)",
          "captionText" : "Limited time offer",
          "captionTextColor" : "rgb(255, 255, 255)",
          "captionTextShadowColor" : "rgba(0, 0, 0, 0.5)",
          "contentAlignment" : "center",
          "contentWidth" : 60,
          "ctaBtnOneBgColor" : "",
          "ctaBtnOneBgHoverColor" : "",
          "ctaBtnOneBorderColor" : "rgba(0, 0, 0, 0)",
          "ctaBtnOneOpenNewTab" : false,
          "ctaBtnOneText" : "Learn More",
          "ctaBtnOneTextColor" : "",
          "ctaBtnOneTextHoverColor" : "",
          "ctaBtnOneUrl" : "",
          "ctaBtnRadius" : 4,
          "ctaBtnTwoBgColor" : "rgba(255, 255, 255, 0)",
          "ctaBtnTwoBgHoverColor" : "rgb(255, 255, 255)",
          "ctaBtnTwoBorderColor" : "rgb(255, 255, 255)",
          "ctaBtnTwoOpenNewTab" : false,
          "ctaBtnTwoText" : "Secondary",
          "ctaBtnTwoTextColor" : "rgb(255, 255, 255)",
          "ctaBtnTwoTextHoverColor" : "rgba(0, 0, 0, 0.8)",
          "ctaBtnTwoUrl" : "",
          "ctaShowBtnOne" : true,
          "ctaShowBtnTwo" : false,
          "fixedHeroWidth" : true,
          "heroHeight" : 140,
          "heroWidth" : 1440,
          "showCaption" : true,
          "showSubtitle" : false,
          "showTitle" : true,
          "subtitleText" : "Subtitle Content",
          "subtitleTextColor" : "rgb(255, 255, 255)",
          "subtitleTextShadowColor" : "rgba(0, 0, 0, 0.5)",
          "titleText" : "Collect bonus rewards.",
          "titleTextColor" : "rgb(255, 255, 255)",
          "titleTextShadowColor" : "rgba(0, 0, 0, 0.5)",
          "type" : "callToAction"
        },
        "componentName" : "forceCommunity:themeHeroStarter",
        "id" : "bdd63405-516a-4550-9eee-5e21df734468",
        "regions" : [ {
          "components" : [ {
            "componentAttributes" : {
              "backgroundColor" : "rgb(255, 255, 255)",
              "borderColor" : "rgba(0, 0, 0, 0.5)",
              "borderRadius" : 4,
              "borderStyle" : "outline",
              "buttonColor" : "",
              "buttonHoverColor" : "",
              "crossObjectTypeaheadApiNames" : "",
              "iconColor" : "rgb(255, 255, 255)",
              "placeholderText" : "Ask a question...",
              "placeholderTextColor" : "rgba(0, 0, 0, 0.6)",
              "publicDropdownBackgroundColor" : "rgb(255, 255, 255)",
              "publicDropdownBackgroundHoverColor" : "",
              "publicDropdownBorderColor" : "rgb(240, 240, 240)",
              "publicDropdownTextColor" : "",
              "publicDropdownTextHoverColor" : "",
              "showSearchButton" : true,
              "textColor" : "rgba(0, 0, 0, 0.8)",
              "typeaheadResultMax" : 6,
              "useTypeahead" : true
            },
            "componentName" : "forceCommunity:themeSearchHero",
            "id" : "0623c0ad-4213-4fea-87ae-e427702bf550",
            "renditionMap" : { },
            "type" : "component"
          } ],
          "id" : "3cc91680-0513-427a-afee-d180a21784e1",
          "regionName" : "search",
          "type" : "region"
        } ],
        "renditionMap" : { },
        "type" : "component"
      } ],
      "id" : "e78e79e4-5d7e-472e-a32b-6256df5108af",
      "regionName" : "themeHero",
      "type" : "region"
    }, {
      "id" : "a28daacc-fc87-4aa9-85cc-2d184ae6cbc6",
      "regionName" : "themeFooter",
      "type" : "region"
    } ],
    "type" : "view"
  }, {
    "componentAttributes" : {
      "fixedPageWidth" : 1440,
      "headerBgColor" : "rgba(0, 0, 0, 0)",
      "isHeaderPinned" : false,
      "isHeroUnderHeader" : false,
      "isPageWidthFixed" : true,
      "showHeader" : true,
      "showHero" : true
    },
    "componentName" : "siteforce:themeLayoutStarter",
    "id" : "09971b0d-d299-49c5-a2f1-3a3e39083b5b",
    "label" : "ServiceNotAvailable",
    "regions" : [ {
      "id" : "4b5cc8cd-17b6-4ae1-a558-3c519a3a7e41",
      "regionName" : "themeHeader",
      "type" : "region"
    }, {
      "id" : "cb679b63-081c-4024-8fa2-344afafa5405",
      "regionName" : "themeFooter",
      "type" : "region"
    } ],
    "type" : "view"
  } ]
}