<?xml version="1.0" encoding="UTF-8"?>
<NetworkBranding xmlns="http://soap.sforce.com/2006/04/metadata">
    <loginFooterText>More4apps</loginFooterText>
    <loginLogo>Experiences_Shared_Document_Folder1/more4apps_community_rgb_250_png.png</loginLogo>
    <loginLogoName>more4apps-community-rgb-250.png</loginLogoName>
    <loginPrimaryColor>#0047BB</loginPrimaryColor>
    <loginQuaternaryColor>#F2F2F2</loginQuaternaryColor>
    <network>More4apps Community</network>
    <primaryColor>#1797C0</primaryColor>
    <primaryComplementColor>#FFFFFF</primaryComplementColor>
    <quaternaryColor>#B1BAC1</quaternaryColor>
    <quaternaryComplementColor>#222222</quaternaryComplementColor>
    <secondaryColor>#51606E</secondaryColor>
    <tertiaryColor>#DDE4E9</tertiaryColor>
    <tertiaryComplementColor>#222222</tertiaryComplementColor>
    <zeronaryColor>#51606E</zeronaryColor>
    <zeronaryComplementColor>#FFFFFF</zeronaryComplementColor>
</NetworkBranding>
