<?xml version="1.0" encoding="UTF-8"?>
<ContentAsset xmlns="http://soap.sforce.com/2006/04/metadata">
    <isVisibleByExternalUsers>false</isVisibleByExternalUsers>
    <language>en_US</language>
    <masterLabel>EBSIconPNG2</masterLabel>
    <relationships>
        <workspace>
            <access>INFERRED</access>
            <isManagingWorkspace>true</isManagingWorkspace>
            <name>sfdc_asset_company_assets</name>
        </workspace>
    </relationships>
    <versions>
        <version>
            <number>1</number>
            <pathOnClient>EBSIcon.PNG</pathOnClient>
        </version>
    </versions>
</ContentAsset>
