{
  "definitionName" : "webster:branding-webster",
  "id" : "4cb0deff-e011-44c6-b5bd-2f9324f31d1b",
  "label" : "More4apps Standard",
  "type" : "brandingSet",
  "values" : {
    "ActionColor" : "rgb(0, 65, 200)",
    "BorderColor" : "rgb(242, 242, 242)",
    "CardBackgroundColor" : "rgb(255, 255, 255)",
    "CompanyLogo" : "/file-asset/more4appscommunityrgb?v=1",
    "DetailTextColor" : "rgb(9, 31, 44)",
    "ErrorFontColor" : "rgb(99, 102, 106)",
    "HeaderFonts" : "DepotNew",
    "LinkColor" : "rgb(0, 65, 200)",
    "LoginBackgroundColor" : "rgb(200, 200, 200)",
    "LoginBackgroundImage" : "",
    "OverlayTextColor" : "#FFFFFF",
    "PageBackgroundColor" : "#FFFFFF",
    "PrimaryFont" : "DepotNew",
    "TextColor" : "rgb(99, 102, 106)",
    "TextTransformStyle" : "none",
    "_ActionColorDarker" : "#003095",
    "_ActionColorTrans" : "rgba(0, 65, 200, 0.9)",
    "_BackgroundColor1" : "rgb(235, 235, 235)",
    "_BackgroundColor2" : "rgb(194, 194, 194)",
    "_BackgroundColor3" : "rgb(133, 133, 133)",
    "_DxpPageBackgroundColor" : "#FFFFFF",
    "_HoverColor" : "rgba(0, 65, 200, 0.05)",
    "_LinkColorDarker" : "#00349f",
    "_NeutralColor" : "#ecebea",
    "_NeutralColor1" : "rgb(217, 215, 213)",
    "_NeutralColor2" : "rgb(178, 174, 170)",
    "_NeutralColor3" : "rgb(118, 113, 107)",
    "_NeutralForegroundColor" : "#000",
    "_NeutralForegroundColor1" : "#000",
    "_NeutralForegroundColor2" : "#000",
    "_NeutralForegroundColor3" : "#fff",
    "_OverlayTextColorShadow" : "#000000",
    "_PrimaryAccentColor1" : "rgb(0, 52, 159)",
    "_PrimaryAccentColor2" : "rgb(0, 25, 78)",
    "_PrimaryAccentColor3" : "rgb(0, 0, 0)",
    "_PrimaryAccentForegroundColor1" : "rgb(255, 255, 255)",
    "_PrimaryAccentForegroundColor2" : "rgb(255, 255, 255)",
    "_PrimaryAccentForegroundColor3" : "rgb(255, 255, 255)",
    "_TextColor1" : "rgb(79, 82, 85)",
    "_TextColor2" : "rgb(40, 41, 43)",
    "_TextColor3" : "rgb(0, 0, 0)"
  }
}