{
  "definitionName" : "webster:branding-webster",
  "id" : "3b6cfc9d-b445-45f4-b4d0-d5de0179b2cf",
  "label" : "Webster",
  "type" : "brandingSet",
  "values" : {
    "ActionColor" : "#088756",
    "BorderColor" : "#D4D4D4",
    "CardBackgroundColor" : "rgba(255, 255, 255, 0)",
    "CompanyLogo" : "/sfsites/assets/themes/webster-logo.png",
    "DetailTextColor" : "rgba(0, 0, 0, 0.6)",
    "ErrorFontColor" : "#ff9e9e",
    "HeaderFonts" : "Montserrat",
    "LinkColor" : "#005FB2",
    "LoginBackgroundColor" : "#F4F4F4",
    "LoginBackgroundImage" : "../../../../sfsites/picasso/core/external/salesforceIdentity/images/background.jpg?v=1",
    "OverlayTextColor" : "#FFFFFF",
    "PageBackgroundColor" : "#FFFFFF",
    "PrimaryFont" : "Lato",
    "TextColor" : "rgba(0, 0, 0, 0.8)",
    "TextTransformStyle" : "none",
    "_ActionColorDarker" : "#055737",
    "_ActionColorTrans" : "rgba(8, 135, 86, 0.9)",
    "_BackgroundColor1" : "rgb(235, 235, 235)",
    "_BackgroundColor2" : "rgb(194, 194, 194)",
    "_BackgroundColor3" : "rgb(133, 133, 133)",
    "_DxpPageBackgroundColor" : "#FFFFFF",
    "_HoverColor" : "rgba(8, 135, 86, 0.05)",
    "_LinkColorDarker" : "#004989",
    "_NeutralColor" : "#ecebea",
    "_NeutralColor1" : "rgb(217, 215, 213)",
    "_NeutralColor2" : "rgb(178, 174, 170)",
    "_NeutralColor3" : "rgb(118, 113, 107)",
    "_NeutralForegroundColor" : "#000",
    "_NeutralForegroundColor1" : "#000",
    "_NeutralForegroundColor2" : "#000",
    "_NeutralForegroundColor3" : "#fff",
    "_OverlayTextColorShadow" : "#000000",
    "_PrimaryAccentColor1" : "rgb(6, 96, 61)",
    "_PrimaryAccentColor2" : "rgb(1, 19, 12)",
    "_PrimaryAccentColor3" : "rgb(0, 0, 0)",
    "_PrimaryAccentForegroundColor1" : "rgb(255, 255, 255)",
    "_PrimaryAccentForegroundColor2" : "rgb(255, 255, 255)",
    "_PrimaryAccentForegroundColor3" : "rgb(255, 255, 255)",
    "_TextColor1" : "rgba(0, 0, 0, 0.8)",
    "_TextColor2" : "rgba(0, 0, 0, 0.8)",
    "_TextColor3" : "rgba(0, 0, 0, 0.8)"
  }
}