<?xml version="1.0" encoding="UTF-8"?>
<EmailTemplate xmlns="http://soap.sforce.com/2006/04/metadata">
    <available>true</available>
    <description>More4apps Portal - Welcome Email</description>
    <encodingKey>UTF-8</encodingKey>
    <letterhead>More4apps_Community_Email_Letterhead</letterhead>
    <name>Community - New Member Welcome Email</name>
    <style>freeForm</style>
    <subject>More4apps Portal - Welcome!</subject>
    <textOnly>Hi {!Receiving_User.FirstName},

Welcome to the More4apps Portal!
Please select the link {!Community_Url} to set your password and access the Portal.

Username: {!Receiving_User.Username}

Thanks,
More4apps Team</textOnly>
    <type>html</type>
    <uiType>Aloha</uiType>
</EmailTemplate>
