<?xml version="1.0" encoding="UTF-8"?>
<EmailTemplate xmlns="http://soap.sforce.com/2006/04/metadata">
    <available>true</available>
    <description>More4apps Portal - Password Changed Email</description>
    <encodingKey>UTF-8</encodingKey>
    <letterhead>More4apps_Community_Email_Letterhead</letterhead>
    <name>Community - Password Changed Email</name>
    <style>freeForm</style>
    <subject>More4apps Portal - Password Changed</subject>
    <textOnly>Hi {!Receiving_User.FirstName},

Your password has been changed for the More4apps Portal.
If you did not request this change please contact our Support Team via email supportteam@more4apps.com.

Thanks,
More4apps Team</textOnly>
    <type>html</type>
    <uiType>Aloha</uiType>
</EmailTemplate>
