<?xml version="1.0" encoding="UTF-8"?>
<EmailTemplate xmlns="http://soap.sforce.com/2006/04/metadata">
    <available>true</available>
    <description>More4apps Portal - Password Reset</description>
    <encodingKey>UTF-8</encodingKey>
    <letterhead>More4apps_Community_Email_Letterhead</letterhead>
    <name>Community - Forgot Password Reset Email</name>
    <style>freeForm</style>
    <subject>More4apps Portal - Forgot Password Reset</subject>
    <textOnly>Hi {!Receiving_User.FirstName},

Your password has been reset for the More4apps Portal.
Please select the link {!Community_Url} to update your password and access the Portal.

Thanks,
More4apps Team</textOnly>
    <type>html</type>
    <uiType>Aloha</uiType>
</EmailTemplate>
